Date,Ticker,grossPnL,feesTrade,netPnL,numTrade,Tag
2025-06-26,AAPL,-0.011930280381268477,0.18979232540404437,-0.20172260578531268,256,OOS
2025-06-26,AMD,-0.0010296370474418832,0.11398925288299845,-0.11501888993044038,259,OOS
2025-06-26,AMGN,0.02014279924269288,0.11977397130282222,-0.09963117206012934,249,OOS
2025-06-26,AMZN,-0.004933506278897201,0.1507910072036062,-0.15572451348250332,256,OOS
2025-06-26,DJI,0.006806814880833537,0.48436595697576595,-0.47755914209493255,253,OOS
2025-06-26,FTSE,-0.009752427448845174,0.5633421657152841,-0.5730945931641296,247,OOS
2025-06-26,GME,0.007961384283662228,0.0934981717596361,-0.08553678747597383,241,OOS
2025-06-26,GOOG,-0.006301169182950237,0.16783188262787893,-0.17413305181082916,260,OOS
2025-06-26,GSPC,-0.012331089097840411,0.6061813768920108,-0.6185124659898514,255,OOS
2025-06-26,MSFT,-0.0004367612125472844,0.2877810027348254,-0.2882177639473724,259,OOS
2025-06-26,NVDA,0.014213510488135392,0.16330030411216362,-0.1490867936240282,263,OOS
2025-06-26,OPTT,-0.033203393564619245,0.024769713617224545,-0.0579731071818438,198,OOS
2025-06-26,QQQ,0.012423190336898933,0.4725257269632651,-0.46010253662636624,258,OOS
2025-06-26,RUT,0.06115902229608311,0.5692986605204823,-0.508139638224399,245,OOS
2025-06-26,TSLA,-0.004292607567589247,0.09447600952390862,-0.09876861709149785,262,OOS
2025-06-26,UNH,0.019786311746010813,0.1510493523510511,-0.13126304060504027,259,OOS
2025-01-27,^DJI,0.01317643792698957,0.26533483444935396,-0.2521583965223644,254,OOS
2025-01-27,^FTSE,0.017185589758190015,0.4223507704336482,-0.40516518067545804,249,OOS
2025-01-27,^GSPC,-0.04172002835842835,0.19399945113022887,-0.23571947948865715,250,OOS
2025-01-27,^RUT,0.04570943981378756,0.25683589397357764,-0.21112645415979014,244,OOS
2025-01-27,AAPL,0.01969624579722647,0.097157852862503,-0.07746160706527647,255,OOS
2025-01-27,AMD,0.019846136633905363,0.05896160310811271,-0.039115466474207355,253,OOS
2025-01-27,AMGN,0.005769103398713857,0.12560008627974678,-0.11983098288103282,252,OOS
2025-01-27,AMZN,0.0011293173563924098,0.09024313412053345,-0.08911381676414103,256,OOS
2025-01-27,GBPUSD=X,-0.006388212953295724,0.02450435144475529,-0.030892564398051013,49,OOS
2025-01-27,GME,-0.001233256907861618,0.05807948683725938,-0.059312743745120994,254,OOS
2025-01-27,GOOG,0.016113561827704265,0.09868428978303335,-0.08257072795532915,254,OOS
2025-01-27,JPYUSD=X,-2.3855827748780686e-05,0.00012194993577764502,-0.00014580576352642567,47,OOS
2025-01-27,MSFT,0.03803330439017942,0.10220903968478688,-0.06417573529460731,256,OOS
2025-01-27,NG=F,0.014039449181557367,0.045545988965656314,-0.03150653978409894,231,OOS
2025-01-27,NVDA,-0.028474280100509047,0.03635141551261096,-0.06482569561312002,254,OOS
2025-01-27,OPTT,0.0024840330632789676,0.021130339592119938,-0.01864630652884098,229,OOS
2025-01-27,QQQ,-0.013889860934445183,0.12376873932443183,-0.13765860025887697,253,OOS
2025-01-27,TSLA,0.0064595271861325135,0.06055219708174703,-0.05409266989561449,259,OOS
2025-01-27,UNH,-0.02738751617664454,0.12324080799187324,-0.15062832416851774,257,OOS
2025-02-27,AAPL,0.037607639588002464,0.1345502831769684,-0.09694264358896598,259,OOS
2025-02-27,AMD,0.04094504549425724,0.08980447898918478,-0.048859433494927614,254,OOS
2025-02-27,AMGN,0.027477729420765016,0.12716418492775855,-0.09968645550699348,234,OOS
2025-02-27,AMZN,0.0210806754035284,0.10614306149768155,-0.08506238609415306,255,OOS
2025-02-27,DJI,0.014608324194744707,0.17710268137380752,-0.16249435717906274,248,OOS
2025-02-27,FTSE,0.011794721889442873,0.37841823805096436,-0.3666235161615216,249,OOS
2025-02-27,GME,0.03484039436354917,0.060922151396946546,-0.02608175703339739,247,OOS
2025-02-27,GOOG,0.009541753226028134,0.11428226288993142,-0.10474050966390332,252,OOS
2025-02-27,GSPC,0.03367989868387296,0.16642289669837895,-0.13274299801450612,250,OOS
2025-02-27,MSFT,0.028088559682363158,0.14770406832813446,-0.11961550864577127,252,OOS
2025-02-27,NVDA,0.04938011983679522,0.04856108357067426,0.0008190362661209597,262,OOS
2025-02-27,OPTT,0.008322284507992639,0.01946362560720789,-0.011141341099215253,203,OOS
2025-02-27,QQQ,0.03969942474753039,0.1298052438237255,-0.09010581907619514,254,OOS
2025-02-27,RUT,0.040719447420670636,0.1896729501875552,-0.14895350276688463,236,OOS
2025-02-27,TSLA,0.008249977790945568,0.04450583618789998,-0.0362558583969544,258,OOS
2025-02-27,UNH,-0.011624906006818553,0.11746394642370664,-0.12908885243052515,254,OOS
2025-03-27,AAPL,0.0015296950978761594,0.14321718060173538,-0.14168748550385932,253,OOS
2025-03-27,AMD,-0.0027066456697492783,0.09572241950665894,-0.09842906517640816,258,OOS
2025-03-27,AMGN,-0.010684934794931466,0.10994716844964239,-0.12063210324457385,221,OOS
2025-03-27,AMZN,-0.012979066637469332,0.12562912768347242,-0.1386081943209418,257,OOS
2025-03-27,DJI,0.020121240832734893,0.2245596561561499,-0.20443841532341517,245,OOS
2025-03-27,FTSE,0.005768784030038337,0.3637911255442723,-0.3580223415142338,246,OOS
2025-03-27,GME,0.04991831722212832,0.02165069919186289,0.028267618030265472,248,OOS
2025-03-27,GOOG,-0.003932024822416394,0.14307286554579335,-0.14700489036820982,258,OOS
2025-03-27,GSPC,0.014848192426293712,0.2138994205053781,-0.19905122807908437,251,OOS
2025-03-27,MSFT,-0.003620682482276952,0.18086526253665702,-0.18448594501893395,256,OOS
2025-03-27,NVDA,0.004192414859931137,0.08285057202663915,-0.07865815716670796,262,OOS
2025-03-27,OPTT,0.003987035904606624,0.01781026468120174,-0.013823228776595125,130,OOS
2025-03-27,QQQ,-0.004533850214067958,0.16216117758277176,-0.16669502779683973,259,OOS
2025-03-27,RUT,0.034807925198302156,0.2574634760552347,-0.22265555085693256,238,OOS
2025-03-27,TSLA,-0.009564541410011547,0.03937638995225701,-0.04894093136226856,263,OOS
2025-03-27,UNH,0.01184313944806156,0.14218214577016122,-0.13033900632209963,242,OOS
2025-05-27,AAPL,-0.043148252409708696,0.1958103698647827,-0.2389586222744913,258,OOS
2025-05-27,AMD,-0.007832118295196627,0.13730544064416328,-0.14513755893935995,258,OOS
2025-05-27,AMGN,-0.010119740878051805,0.15683471171858643,-0.16695445259663827,245,OOS
2025-05-27,AMZN,-0.002144872383147805,0.17914184394539712,-0.18128671632854487,261,OOS
2025-05-27,DJI,-0.010841118149188186,0.37504601701153856,-0.38588713516072654,250,OOS
2025-05-27,FTSE,-0.009268131857493164,0.4463819120979992,-0.45565004395549247,244,OOS
2025-05-27,GME,0.011312780199585903,0.03822632589686034,-0.026913545697274423,258,OOS
2025-05-27,GOOG,-0.02209854989932684,0.16630223452525816,-0.18840078442458474,257,OOS
2025-05-27,GSPC,0.0064333700649771225,0.43513212139135365,-0.4286987513263763,254,OOS
2025-05-27,MSFT,-0.003943962458924904,0.24209587357967713,-0.24603983603860205,251,OOS
2025-05-27,NVDA,-0.007196059355940374,0.16622120134122786,-0.1734172606971682,256,OOS
2025-05-27,OPTT,-0.026384857880723044,0.026251031397960575,-0.05263588927868363,206,OOS
2025-05-27,QQQ,0.008654383412693437,0.3703588309586881,-0.3617044475459945,252,OOS
2025-05-27,RUT,0.023582785812189207,0.4402517069224221,-0.4166689211102328,241,OOS
2025-05-27,TSLA,0.03419917817963009,0.09656622170177685,-0.06236704352214677,260,OOS
2025-05-27,UNH,0.001255450099234414,0.09506149731122339,-0.09380604721198892,254,OOS
2025-06-27,AAPL,0.0102855823833264,0.18405777239794993,-0.17377219001462355,258,OOS
2025-06-27,AMD,0.017200184665311286,0.08734208852778232,-0.07014190386247099,263,OOS
2025-06-27,AMGN,0.010645769703438276,0.11349140180264203,-0.1028456320992038,236,OOS
2025-06-27,AMZN,0.015974374032201203,0.129424627332363,-0.11345025330016174,257,OOS
2025-06-27,DJI,0.058457892495765364,0.3779225941787565,-0.31946470168299096,256,OOS
2025-06-27,FTSE,-0.0005540472325141353,0.5806104261482069,-0.5811644733807211,248,OOS
2025-06-27,GME,-0.001203189692894674,0.07985893696124163,-0.08106212665413624,250,OOS
2025-06-27,GOOG,0.03233048153188071,0.14575884371590916,-0.11342836218402845,257,OOS
2025-06-27,GSPC,0.04815746598538122,0.41942707059406087,-0.37126960460867947,261,OOS
2025-06-27,MSFT,0.010766092021627677,0.24037309587606961,-0.22960700385444197,254,OOS
2025-06-27,NVDA,0.032417282353344415,0.11696863533520417,-0.08455135298185976,262,OOS
2025-06-27,OPTT,-0.022840392619812563,0.019516579052339743,-0.04235697167215231,174,OOS
2025-06-27,QQQ,0.024335015135951137,0.2965105800936482,-0.2721755649576972,261,OOS
2025-06-27,RUT,0.056226427905519426,0.3272716111611575,-0.2710451832556382,242,OOS
2025-06-27,TSLA,0.021382956986800823,0.08708348080784935,-0.06570052382104856,260,OOS
2025-06-27,UNH,0.023200333574188943,0.10949556439440383,-0.08629523082021495,257,OOS
2025-01-28,^DJI,-0.03704493008423865,0.34044796780836445,-0.3774928978926031,250,OOS
2025-01-28,^FTSE,0.025859786241797914,0.6127887096891371,-0.5869289234473393,251,OOS
2025-01-28,^GSPC,-0.0007350181528768672,0.3455428291361865,-0.34627784728906313,250,OOS
2025-01-28,^RUT,0.01380371634341902,0.35114458478028565,-0.33734086843686656,239,OOS
2025-01-28,AAPL,-0.018835044568012018,0.1509943226752903,-0.1698293672433022,253,OOS
2025-01-28,AMD,-0.022781720585793766,0.1046956221048089,-0.12747734269060257,256,OOS
2025-01-28,AMGN,0.0025766381883540477,0.17017091407368287,-0.16759427588532888,250,OOS
2025-01-28,AMZN,0.017549698932998115,0.12452063431671544,-0.10697093538371737,253,OOS
2025-01-28,GBPUSD=X,-0.0017435380390713462,0.023370255213124413,-0.02511379325219576,47,OOS
2025-01-28,GME,0.003254855869921796,0.07475600544139002,-0.07150114957146822,253,OOS
2025-01-28,GOOG,-0.03131876774418364,0.18618735458408986,-0.21750612232827352,248,OOS
2025-01-28,JPYUSD=X,-8.142633097512307e-05,0.00011584084529562722,-0.0001972671762707502,45,OOS
2025-01-28,MSFT,-0.009254504456158611,0.170179076224363,-0.17943358068052165,257,OOS
2025-01-28,NG=F,0.0027991251213422544,0.0618752195362385,-0.05907609441489626,225,OOS
2025-01-28,NVDA,0.055305766951842236,0.05299287474942994,0.0023128922024123655,261,OOS
2025-01-28,OPTT,-0.013957167352825612,0.01671752729921295,-0.030674694652038568,235,OOS
2025-01-28,QQQ,-0.006625153980895333,0.2421606410921346,-0.24878579507302986,253,OOS
2025-01-28,TSLA,0.003574170188544844,0.08763201057826886,-0.08405784038972403,260,OOS
2025-01-28,UNH,-0.023852971266734784,0.14611814643705115,-0.16997111770378598,257,OOS
2025-02-28,AAPL,0.009164598544720886,0.10663435788668435,-0.09746975934196359,251,OOS
2025-02-28,AMD,0.015729129098595696,0.07466754770815191,-0.058938418609556224,250,OOS
2025-02-28,AMGN,0.024688651301884655,0.1225322971260185,-0.09784364582413381,236,OOS
2025-02-28,AMZN,0.02505160801380459,0.09425258572836434,-0.06920097771455971,252,OOS
2025-02-28,DJI,0.03623682542520518,0.15379594567290147,-0.11755912024769627,245,OOS
2025-02-28,FTSE,-0.005124705951148001,0.45129739914220734,-0.45642210509335557,242,OOS
2025-02-28,GME,0.01730557082094883,0.06488826266976935,-0.04758269184882056,249,OOS
2025-02-28,GOOG,0.01008395226687955,0.10364451315140845,-0.09356056088452895,256,OOS
2025-02-28,GSPC,0.02597289267556164,0.13574201818770262,-0.10976912551214095,244,OOS
2025-02-28,MSFT,0.0005833394638228638,0.12661737213422064,-0.12603403267039773,250,OOS
2025-02-28,NVDA,0.03961495223873181,0.04207965733018432,-0.0024647050914525415,255,OOS
2025-02-28,OPTT,0.0021322765397103058,0.018028547460793756,-0.015896270921083457,184,OOS
2025-02-28,QQQ,0.014530276628456934,0.10670311477683782,-0.09217283814838095,252,OOS
2025-02-28,RUT,0.060486889968636,0.18115699605745594,-0.12067010608882,234,OOS
2025-02-28,TSLA,0.021583847926558708,0.03968997911314571,-0.01810613118658703,253,OOS
2025-02-28,UNH,0.04923187610903314,0.0944009197163011,-0.04516904360726793,251,OOS
2025-03-28,AAPL,-0.0018718589187189968,0.1398177112374268,-0.14168957015614594,261,OOS
2025-03-28,AMD,-0.01165512573210125,0.08906925256696638,-0.10072437829906761,254,OOS
2025-03-28,AMGN,-0.03464617585127409,0.12019171505635652,-0.15483789090763048,240,OOS
2025-03-28,AMZN,-0.00553348073629311,0.11434691101896832,-0.11988039175526143,256,OOS
2025-03-28,DJI,-0.03743062300746626,0.26122628684927035,-0.2986569098567367,250,OOS
2025-03-28,FTSE,0.024125699663371306,0.3657415823076662,-0.34161588264429504,248,OOS
2025-03-28,GME,0.0004105392333210412,0.03497378929246962,-0.0345632500591486,249,OOS
2025-03-28,GOOG,0.04489382900744063,0.12351727389913536,-0.07862344489169476,259,OOS
2025-03-28,GSPC,-0.013826559674649078,0.22937388168651776,-0.24320044136116686,252,OOS
2025-03-28,MSFT,-0.013341410665551218,0.16766969799542855,-0.1810111086609798,259,OOS
2025-03-28,NVDA,-0.029847608413549324,0.07934585061474665,-0.10919345902829591,260,OOS
2025-03-28,OPTT,-0.0011396427643206013,0.02237316316059372,-0.023512805924914337,213,OOS
2025-03-28,QQQ,-0.01605646417493781,0.1703162578576512,-0.1863727220325891,260,OOS
2025-03-28,RUT,0.02468996933656208,0.2901957233511864,-0.2655057540146243,236,OOS
2025-03-28,TSLA,-0.03580320813207195,0.04801132849088337,-0.08381453662295531,262,OOS
2025-03-28,UNH,-0.014290948587788288,0.15501560855340893,-0.1693065571411972,246,OOS
2025-04-28,AAPL,0.006356079065154405,0.12242084723683994,-0.11606476817168553,255,OOS
2025-04-28,AMD,0.023181596880254257,0.09309112580662644,-0.06990952892637212,259,OOS
2025-04-28,AMGN,0.018782750505389686,0.12932320989051868,-0.11054045938512906,222,OOS
2025-04-28,AMZN,0.025100837232037897,0.11320723709614905,-0.08810639986411117,261,OOS
2025-04-28,DJI,0.03270050880740227,0.2155469414276543,-0.182846432620252,252,OOS
2025-04-28,FTSE,0.010815234205150204,0.550997455830868,-0.5401822216257178,245,OOS
2025-04-28,GME,0.010647596095719736,0.09636020531879139,-0.08571260922307167,249,OOS
2025-04-28,GOOG,0.018237099690307578,0.12897135712442984,-0.11073425743412225,254,OOS
2025-04-28,GSPC,0.040274839703220884,0.19726259114865202,-0.15698775144543115,254,OOS
2025-04-28,MSFT,0.027545819575249424,0.16078492941446462,-0.13323910983921516,260,OOS
2025-04-28,NVDA,0.039210763427962696,0.09401135457016593,-0.05480059114220319,264,OOS
2025-04-28,OPTT,0.00949917030396398,0.015592550541074482,-0.0060933802371105,144,OOS
2025-04-28,QQQ,0.02644146138801833,0.15361780011667553,-0.12717633872865725,258,OOS
2025-04-28,RUT,0.05933007592162043,0.27572169213906256,-0.2163916162174422,242,OOS
2025-04-28,TSLA,0.002104736462862838,0.051164680831249934,-0.049059944368387134,260,OOS
2025-04-28,UNH,0.007303306075179242,0.1519501142890292,-0.14464680821385015,253,OOS
2025-05-28,AAPL,-0.04116866358795513,0.2077177611067726,-0.24888642469472777,252,OOS
2025-05-28,AMD,-0.01707016517523931,0.15376137547877075,-0.1708315406540102,252,OOS
2025-05-28,AMGN,-0.021047473162717056,0.12722115650339244,-0.1482686296661096,242,OOS
2025-05-28,AMZN,-0.010452912444474933,0.23331147270174327,-0.2437643851462182,256,OOS
2025-05-28,DJI,-0.01480122887448218,0.34839148698724187,-0.3631927158617242,246,OOS
2025-05-28,FTSE,0.02934601910569426,0.5680274661559152,-0.5386814470502209,248,OOS
2025-05-28,GME,0.016198948839531907,0.030315928179095678,-0.014116979339563783,251,OOS
2025-05-28,GOOG,-0.038790658596024125,0.17857089394216952,-0.2173615525381935,252,OOS
2025-05-28,GSPC,-0.007196308870495285,0.35326946596682235,-0.3604657748373174,243,OOS
2025-05-28,MSFT,-0.014014351450010367,0.2636671804729494,-0.2776815319229597,250,OOS
2025-05-28,NVDA,0.04243384605419602,0.14570003666054887,-0.10326619060635286,255,OOS
2025-05-28,OPTT,-4.5998636944406725e-05,0.023822977986964856,-0.02386897662390927,196,OOS
2025-05-28,QQQ,-0.002753394669750925,0.3223868909739493,-0.32514028564370046,255,OOS
2025-05-28,RUT,0.010293403951252523,0.39640289243967247,-0.3861094884884202,239,OOS
2025-05-28,TSLA,0.009242268526908202,0.11030039942969393,-0.10105813090278572,255,OOS
2025-05-28,UNH,-0.015691968002515412,0.09137036900361609,-0.10706233700613146,258,OOS
2025-07-28,AAPL,0.04317988013474629,0.3075988669017239,-0.26441898676697756,256,OOS
2025-07-28,AMD,-0.01543248514713745,0.11463920389668945,-0.13007168904382696,261,OOS
2025-07-28,AMGN,-0.0006794318806559697,0.15437528555940236,-0.1550547174400584,227,OOS
2025-07-28,AMZN,-0.028650010345659817,0.2818265052175571,-0.3104765155632171,257,OOS
2025-07-28,DJI,0.02390712400112283,0.4620968458314442,-0.4381897218303214,247,OOS
2025-07-28,FTSE,0.06137335203879183,0.6047395158637762,-0.5433661638249846,247,OOS
2025-07-28,GME,0.03031829136373981,0.11628272442688038,-0.08596443306314051,246,OOS
2025-07-28,GOOG,-0.006141772386841957,0.1916134855611692,-0.1977552579480112,254,OOS
2025-07-28,GSPC,0.01326677929077908,0.5408490328745699,-0.527582253583791,246,OOS
2025-07-28,MSFT,0.03568190052333918,0.33920526839002035,-0.3035233678666812,252,OOS
2025-07-28,NVDA,0.02424419295470842,0.23749750972057462,-0.21325331676586634,259,OOS
2025-07-28,OPTT,-0.040146112946539296,0.03245307528925392,-0.07259918823579328,232,OOS
2025-07-28,QQQ,0.0004971145110363476,0.45927791754817743,-0.4587808030371413,254,OOS
2025-07-28,RUT,-0.029603737374983903,0.47927676385347684,-0.5088805012284606,246,OOS
2025-07-28,TSLA,-0.0018641009323859094,0.08017524247339235,-0.08203934340577822,260,OOS
2025-07-28,UNH,0.01450189646105034,0.13061396939347447,-0.11611207293242401,255,OOS
2025-01-29,^DJI,-0.014031132320863018,0.24781972949258974,-0.26185086181345274,255,OOS
2025-01-29,^FTSE,0.0010766270578704774,0.6319823202929246,-0.630905693235054,248,OOS
2025-01-29,^GSPC,-0.008450877803573703,0.20237025415524396,-0.21082113195881788,254,OOS
2025-01-29,^RUT,9.492664441028181e-05,0.24219369991264578,-0.24209877326823542,242,OOS
2025-01-29,AAPL,-0.020984187998034903,0.13171968923939792,-0.15270387723743292,256,OOS
2025-01-29,AMD,-0.01664737164371004,0.06429923131618695,-0.08094660295989695,260,OOS
2025-01-29,AMGN,-0.014249951095370366,0.11744686860343007,-0.1316968196988004,237,OOS
2025-01-29,AMZN,-0.05920964673657084,0.11004327257166113,-0.16925291930823191,252,OOS
2025-01-29,GBPUSD=X,0.0017202070781157097,0.026319118242604394,-0.024598911164488688,53,OOS
2025-01-29,GME,-0.0325206661650108,0.050952165288077944,-0.08347283145308876,247,OOS
2025-01-29,GOOG,-0.023690464264000746,0.1424314862894839,-0.16612195055348464,253,OOS
2025-01-29,JPYUSD=X,-1.6530077638370402e-05,0.00012359704256523403,-0.00014012712020360443,48,OOS
2025-01-29,MSFT,0.00674752848179336,0.1319016351925444,-0.12515410671075103,257,OOS
2025-01-29,NG=F,0.008559042846613615,0.0047480443598928055,0.0038109984867208194,39,OOS
2025-01-29,NVDA,-0.0033063017594212965,0.04074847169147465,-0.04405477345089592,259,OOS
2025-01-29,OPTT,-0.03076728414133186,0.01602420558250656,-0.04679148972383842,234,OOS
2025-01-29,QQQ,-0.0006774209395833483,0.1398100549553684,-0.14048747589495156,258,OOS
2025-01-29,TSLA,-0.03613907118685976,0.06278284725181107,-0.09892191843867094,253,OOS
2025-01-29,UNH,-0.0008694879810965369,0.15144925930342826,-0.15231874728452477,247,OOS
2025-04-29,AAPL,-0.014296214446282693,0.1397841222154425,-0.15408033666172521,254,OOS
2025-04-29,AMD,-0.023745130833585905,0.08797800031679485,-0.1117231311503808,255,OOS
2025-04-29,AMGN,0.020412150784728997,0.12974694345411172,-0.10933479266938265,243,OOS
2025-04-29,AMZN,-0.005652564740187729,0.1117299731583762,-0.11738253789856398,255,OOS
2025-04-29,DJI,0.012891787471699567,0.21522512176502998,-0.2023333342933305,247,OOS
2025-04-29,FTSE,-0.017753722775057944,0.35783857544867204,-0.3755922982237298,242,OOS
2025-04-29,GME,-0.004508755108633897,0.0882334341159535,-0.09274218922458731,245,OOS
2025-04-29,GOOG,-0.009799055711478533,0.12714025309189503,-0.13693930880337363,252,OOS
2025-04-29,GSPC,0.01588986556620231,0.18881094316498326,-0.17292107759878095,246,OOS
2025-04-29,MSFT,-0.03509633011889031,0.14810754458731434,-0.18320387470620453,252,OOS
2025-04-29,NVDA,-0.00586199726309037,0.09471999083096679,-0.10058198809405715,257,OOS
2025-04-29,OPTT,-0.00889229657600051,0.008647636541561003,-0.017539933117561517,62,OOS
2025-04-29,QQQ,-0.01511181025722699,0.15299520980725403,-0.16810702006448092,251,OOS
2025-04-29,RUT,0.047657934190005836,0.2770718984391363,-0.22941396424913071,234,OOS
2025-04-29,TSLA,0.028317741333743075,0.06464932683027091,-0.03633158549652788,259,OOS
2025-04-29,UNH,0.010740880707834778,0.15639313962737644,-0.14565225891954173,256,OOS
2025-05-29,AAPL,0.004051278439832868,0.14056617136762925,-0.13651489292779637,256,OOS
2025-05-29,AMD,0.0027131875278252164,0.09839319087936403,-0.09568000335153884,257,OOS
2025-05-29,AMGN,-0.028113484063813973,0.142776844286386,-0.17089032835020004,250,OOS
2025-05-29,AMZN,-0.002137130154756359,0.12991914107407662,-0.13205627122883304,257,OOS
2025-05-29,DJI,0.01669094057399029,0.19978304362497037,-0.18309210305098012,243,OOS
2025-05-29,FTSE,-0.03538943113539743,0.4211047375109824,-0.4564941686463798,244,OOS
2025-05-29,GME,-0.0090983743108017,0.04728855150156418,-0.0563869258123659,256,OOS
2025-05-29,GOOG,-0.0016580882894691052,0.14929445884884998,-0.150952547138319,256,OOS
2025-05-29,GSPC,-0.03169955838276774,0.19884949551031747,-0.23054905389308528,246,OOS
2025-05-29,MSFT,-0.0286414079056288,0.19029656800434278,-0.21893797590997158,253,OOS
2025-05-29,NVDA,0.00024041811623974277,0.07489450232653226,-0.07465408421029247,257,OOS
2025-05-29,OPTT,0.00023885724052193297,0.023307480676290654,-0.02306862343576872,168,OOS
2025-05-29,QQQ,-0.008508037898849418,0.1591028617954059,-0.16761089969425527,255,OOS
2025-05-29,RUT,0.01966084339857685,0.2551159481339649,-0.23545510473538808,239,OOS
2025-05-29,TSLA,-0.026156765301627524,0.07664195680746651,-0.10279872210909403,260,OOS
2025-05-29,UNH,0.007304415158776322,0.10791027602719992,-0.10060586086842366,253,OOS
2025-07-29,AAPL,-0.019756182946267027,0.17263689042202043,-0.19239307336828743,254,OOS
2025-07-29,AMD,0.018040090479392354,0.0803005488570958,-0.062260458377703436,257,OOS
2025-07-29,AMGN,-0.0065607050999259104,0.12308633237577456,-0.12964703747570053,207,OOS
2025-07-29,AMZN,-0.016780277520555203,0.2040736852820418,-0.22085396280259706,257,OOS
2025-07-29,DJI,-0.01756279774845441,0.3823971261731095,-0.39995992392156404,249,OOS
2025-07-29,FTSE,-0.006990435886533117,0.5010451833308583,-0.5080356192173914,251,OOS
2025-07-29,GME,-0.009952944364430172,0.09545623733615266,-0.10540918170058286,234,OOS
2025-07-29,GOOG,0.002305939555341323,0.15181324035775706,-0.1495073008024158,253,OOS
2025-07-29,GSPC,-0.00033960166306132213,0.41169091895489346,-0.4120305206179545,245,OOS
2025-07-29,MSFT,-0.007390858279437963,0.26981504833259107,-0.27720590661202904,248,OOS
2025-07-29,NVDA,-0.016189699714517173,0.13540836368842504,-0.15159806340294218,256,OOS
2025-07-29,OPTT,0.016623096536833297,0.029480083608412477,-0.012856987071579182,217,OOS
2025-07-29,QQQ,-0.006291923820694897,0.31534151266377236,-0.3216334364844674,253,OOS
2025-07-29,RUT,0.009958252227779952,0.3158204994110426,-0.30586224718326266,242,OOS
2025-07-29,TSLA,-0.005006627377760631,0.09133633032486617,-0.09634295770262682,258,OOS
2025-07-29,UNH,0.013326656865527213,0.06739626895084642,-0.05406961208531927,248,OOS
2025-01-30,^DJI,-0.0014501110612527846,0.3740145875843712,-0.3754646986456242,252,OOS
2025-01-30,^FTSE,0.07085194140198646,0.5999486144385716,-0.5290966730365851,253,OOS
2025-01-30,^GSPC,-0.00033332604602586064,0.30656215394739283,-0.30689547999341865,243,OOS
2025-01-30,^RUT,0.030920994206348872,0.398531592343091,-0.3676105981367421,244,OOS
2025-01-30,AAPL,0.02276997368695847,0.16848007172186072,-0.14571009803490234,251,OOS
2025-01-30,AMD,-0.023191790087280784,0.11198456501745074,-0.13517635510473142,254,OOS
2025-01-30,AMGN,0.026392371378056754,0.1756283552537355,-0.14923598387567874,244,OOS
2025-01-30,AMZN,-0.012461333587445694,0.13139626939123883,-0.14385760297868444,251,OOS
2025-01-30,GBPUSD=X,0.004385539463588994,0.022904352361815324,-0.018518812898226322,46,OOS
2025-01-30,GME,-0.0599343903185975,0.08535419052478357,-0.14528858084338098,246,OOS
2025-01-30,GOOG,-0.004678982250097832,0.15501976336467516,-0.15969874561477299,245,OOS
2025-01-30,JPYUSD=X,-4.869593041283496e-05,9.861617569279459e-05,-0.00014731210610562957,38,OOS
2025-01-30,MSFT,-0.030303395130904475,0.1435923081289753,-0.17389570325987982,253,OOS
2025-01-30,NG=F,-0.00190115925293457,0.04925417577472424,-0.051155335027658795,242,OOS
2025-01-30,NVDA,0.035677943056015654,0.05930566762451334,-0.02362772456849762,258,OOS
2025-01-30,OPTT,-0.012247821064571167,0.022459442605875977,-0.034707263670447144,232,OOS
2025-01-30,QQQ,-0.006148842516743845,0.21142852379539348,-0.2175773663121372,251,OOS
2025-01-30,TSLA,-0.0037922775260291813,0.052728099709882126,-0.056520377235911266,260,OOS
2025-01-30,UNH,0.03245836305130677,0.16831415241888453,-0.13585578936757783,248,OOS
2025-04-30,AAPL,-0.005286491144304233,0.09842159662650732,-0.10370808777081149,252,OOS
2025-04-30,AMD,-0.001009403239150154,0.06875110036872238,-0.06976050360787255,254,OOS
2025-04-30,AMGN,0.011913688649109404,0.1328038824131508,-0.12089019376404127,235,OOS
2025-04-30,AMZN,-0.02547031199669842,0.09907085212775622,-0.12454116412445469,257,OOS
2025-04-30,DJI,-0.0031153687476277296,0.16710291882993467,-0.17021828757756227,246,OOS
2025-04-30,FTSE,0.01831860436516304,0.34766483901634937,-0.32934623465118623,250,OOS
2025-04-30,GME,0.014555610961611924,0.07591158390309793,-0.06135597294148601,253,OOS
2025-04-30,GOOG,-0.034317352621379804,0.11356190073197676,-0.14787925335335655,252,OOS
2025-04-30,GSPC,-0.01730037633503894,0.14576921216996375,-0.1630695885050026,247,OOS
2025-04-30,MSFT,-0.03716797665691498,0.11296550699106903,-0.1501334836479841,251,OOS
2025-04-30,NVDA,0.011041541508705982,0.07757664830414732,-0.06653510679544138,257,OOS
2025-04-30,OPTT,-0.02167403397117213,0.01797266388634967,-0.03964669785752172,143,OOS
2025-04-30,QQQ,-0.021984267998630333,0.11985914840097442,-0.14184341639960482,253,OOS
2025-04-30,RUT,0.023898323437879163,0.22314739842687492,-0.19924907498899563,237,OOS
2025-04-30,TSLA,-0.0076478843645597745,0.059505233538427744,-0.06715311790298749,256,OOS
2025-04-30,UNH,-0.012473753737980634,0.10956763750119627,-0.122041391239177,251,OOS
2025-05-30,AAPL,0.022730518752508692,0.14435154837266262,-0.12162102962015395,257,OOS
2025-05-30,AMD,0.027594440043138026,0.09408513098198876,-0.06649069093885071,258,OOS
2025-05-30,AMGN,0.010065550735286068,0.13700573562122836,-0.12694018488594222,250,OOS
2025-05-30,AMZN,0.026863468406537794,0.12918530076225113,-0.10232183235571332,253,OOS
2025-05-30,DJI,-0.001876792157004432,0.20597191178816882,-0.20784870394517332,251,OOS
2025-05-30,FTSE,-0.00857378749597513,0.3486550456205891,-0.3572288331165641,245,OOS
2025-05-30,GME,0.011801794812047501,0.05972660245486618,-0.04792480764281867,250,OOS
2025-05-30,GOOG,0.049349230282561544,0.11190450135241693,-0.06255527106985535,248,OOS
2025-05-30,GSPC,0.012705920711837689,0.18602688369181392,-0.17332096297997607,252,OOS
2025-05-30,MSFT,0.01054955137663239,0.17165383723078723,-0.16110428585415484,255,OOS
2025-05-30,NVDA,0.008977534678272838,0.08477222535616771,-0.07579469067789488,259,OOS
2025-05-30,OPTT,-0.01771251703188415,0.018639268391891412,-0.036351785423775575,181,OOS
2025-05-30,QQQ,0.037571027958247696,0.15378429325968485,-0.11621326530143704,256,OOS
2025-05-30,RUT,0.002841751214059893,0.24617298928904732,-0.2433312380749876,238,OOS
2025-05-30,TSLA,0.031067454396269907,0.06269805699525322,-0.03163060259898334,257,OOS
2025-05-30,UNH,-0.0424626876512816,0.11516366426173918,-0.15762635191302077,256,OOS
2025-06-30,AAPL,0.00876797104100388,0.15353526514913937,-0.1447672941081355,248,OOS
2025-06-30,AMD,0.007953951783494279,0.12289572964108773,-0.1149417778575935,262,OOS
2025-06-30,AMGN,0.020354112355707894,0.12918493407273587,-0.10883082171702795,246,OOS
2025-06-30,AMZN,-0.039047849360252615,0.16269891516981544,-0.20174676453006832,260,OOS
2025-06-30,DJI,-0.005533964352178202,0.42765290358992225,-0.4331868679421008,253,OOS
2025-06-30,FTSE,0.017869248803044732,0.5250197145849118,-0.5071504657818675,245,OOS
2025-06-30,GME,0.007275025588754034,0.10411651437820062,-0.09684148878944653,250,OOS
2025-06-30,GOOG,0.004561249457259532,0.1233432227571159,-0.11878197329985639,260,OOS
2025-06-30,GSPC,0.017853909923104105,0.4604835818190699,-0.44262967189596586,251,OOS
2025-06-30,MSFT,0.013162942853468355,0.26270933487082615,-0.24954639201735768,256,OOS
2025-06-30,NVDA,-0.0006852091245999649,0.17824630999465182,-0.17893151911925176,265,OOS
2025-06-30,OPTT,-0.021779406888017928,0.024108706690024715,-0.04588811357804259,190,OOS
2025-06-30,QQQ,0.00972214261474148,0.38939419115281304,-0.3796720485380715,260,OOS
2025-06-30,RUT,-0.011717964265942554,0.39158121645134286,-0.4032991807172853,239,OOS
2025-06-30,TSLA,0.003010055384885405,0.10310924250457243,-0.100099187119687,263,OOS
2025-06-30,UNH,-0.009103919944628256,0.15461653429194636,-0.16372045423657464,255,OOS
2025-07-30,AAPL,-0.01709702749270338,0.22019821805313172,-0.23729524554583523,252,OOS
2025-07-30,AMD,-0.0144899788380527,0.08993651408147246,-0.1044264929195251,252,OOS
2025-07-30,AMGN,-0.020167384551751485,0.13407322079397313,-0.15424060534572462,223,OOS
2025-07-30,AMZN,0.005900802703253627,0.21031043052319573,-0.204409627819942,258,OOS
2025-07-30,DJI,-0.004554923950450574,0.4026981425486723,-0.40725306649912296,249,OOS
2025-07-30,FTSE,0.012336893719922765,0.5265319279757471,-0.5141950342558247,250,OOS
2025-07-30,GME,0.01093629911990249,0.11959784235201681,-0.10866154323211434,245,OOS
2025-07-30,GOOG,-0.02053158479984081,0.17678409081086888,-0.1973156756107094,251,OOS
2025-07-30,GSPC,0.027514423567133635,0.4994973588258063,-0.4719829352586727,255,OOS
2025-07-30,MSFT,-0.0012091992094454222,0.2802943249153159,-0.28150352412476126,250,OOS
2025-07-30,NVDA,-0.01373936464229509,0.1714657536285445,-0.1852051182708395,260,OOS
2025-07-30,OPTT,-0.017098201037171263,0.0258525496078418,-0.042950750645013074,210,OOS
2025-07-30,QQQ,0.024124865100518002,0.36862108689746104,-0.3444962217969429,259,OOS
2025-07-30,RUT,0.05006662710326135,0.35230434225887747,-0.30223771515561637,239,OOS
2025-07-30,TSLA,0.0017360313425783883,0.10014707145718317,-0.0984110401146047,259,OOS
2025-07-30,UNH,0.02190096241217321,0.09028137190913017,-0.06838040949695702,262,OOS
2025-01-31,^DJI,0.020264399511756796,0.27368661904358693,-0.2534222195318301,249,OOS
2025-01-31,^FTSE,-0.01742461330742258,0.6409732777923671,-0.65839789109979,245,OOS
2025-01-31,^GSPC,0.011631148518300948,0.25338228875742785,-0.24175114023912697,254,OOS
2025-01-31,^RUT,0.04251955656159946,0.23356697375218188,-0.19104741719058246,237,OOS
2025-01-31,AAPL,0.042652277822509695,0.10077882862184818,-0.058126550799338476,260,OOS
2025-01-31,AMD,0.011093406493291913,0.0786073457862449,-0.06751393929295299,261,OOS
2025-01-31,AMGN,-0.012058528220859989,0.1584355927526049,-0.1704941209734648,237,OOS
2025-01-31,AMZN,0.0017048718346636517,0.11616266068704575,-0.11445778885238207,257,OOS
2025-01-31,GBPUSD=X,-0.00047140462057981836,0.017873348162855424,-0.01834475278343524,36,OOS
2025-01-31,GME,0.03751831463084173,0.07725141168004135,-0.039733097049199646,255,OOS
2025-01-31,GOOG,-0.021577480317633187,0.1513828696794461,-0.17296034999707943,255,OOS
2025-01-31,JPYUSD=X,-2.107716032437139e-05,9.30385998782835e-05,-0.00011411576020265488,36,OOS
2025-01-31,MSFT,-0.004853249048695834,0.1473737894597065,-0.15222703850840244,258,OOS
2025-01-31,NG=F,-0.03276902053570028,0.06561146108729071,-0.09838048162299101,241,OOS
2025-01-31,NVDA,0.040953940049320604,0.052375048269756426,-0.011421108220435837,257,OOS
2025-01-31,OPTT,0.02425714925155495,0.02300103150663398,0.0012561177449209747,235,OOS
2025-01-31,QQQ,0.02643985780159633,0.16931281673340765,-0.14287295893181123,257,OOS
2025-01-31,TSLA,0.05159649225498927,0.06999858699844279,-0.018402094743453532,261,OOS
2025-01-31,UNH,-0.0024154381984397106,0.17509557254316266,-0.17751101074160236,255,OOS
2025-03-31,AAPL,0.012651622060905709,0.1074691384709586,-0.09481751641005282,255,OOS
2025-03-31,AMD,0.0025980680797586322,0.07831695677855575,-0.07571888869879716,253,OOS
2025-03-31,AMGN,-0.0011495987198602243,0.10394093367932374,-0.10509053239918392,245,OOS
2025-03-31,AMZN,0.019661867355985956,0.08754544720732464,-0.06788357985133867,255,OOS
2025-03-31,DJI,0.019594969570772357,0.17862080794970162,-0.15902583837892942,249,OOS
2025-03-31,FTSE,0.02159499168511497,0.36619586157446604,-0.3446008698893509,239,OOS
2025-03-31,GME,0.00954289736156622,0.03789619005276459,-0.028353292691198323,255,OOS
2025-03-31,GOOG,0.026279754101422775,0.09669677522339509,-0.0704170211219723,255,OOS
2025-03-31,GSPC,0.0207614621205042,0.1557249900394118,-0.13496352791890767,251,OOS
2025-03-31,MSFT,0.017392934682714696,0.12434686084280157,-0.1069539261600869,260,OOS
2025-03-31,NVDA,0.04161991892021987,0.06870097860912325,-0.02708105968890338,259,OOS
2025-03-31,OPTT,0.0050168846451824865,0.01938020318662852,-0.014363318541446055,196,OOS
2025-03-31,QQQ,0.011959312018783176,0.11988244529355042,-0.10792313327476731,254,OOS
2025-03-31,RUT,0.025541723476820297,0.20716287124820254,-0.18162114777138216,239,OOS
2025-03-31,TSLA,-0.0010297595370739564,0.042445766180078684,-0.043475525717152644,260,OOS
2025-03-31,UNH,0.01033053842157013,0.12718041751635636,-0.1168498790947862,257,OOS
2025-07-31,AAPL,-0.03979360232913776,0.1430701129924507,-0.1828637153215885,259,OOS
2025-07-31,AMD,0.009338567003465758,0.06880549177605493,-0.05946692477258918,260,OOS
2025-07-31,AMGN,0.028146397393344895,0.08837380033298918,-0.06022740293964422,232,OOS
2025-07-31,AMZN,-0.005738111661863838,0.10642054286564898,-0.1121586545275127,263,OOS
2025-07-31,DJI,0.007303389916857445,0.22785800019315183,-0.2205546102762943,249,OOS
2025-07-31,FTSE,-0.0010532462245980993,0.4065960091022626,-0.4076492553268611,255,OOS
2025-07-31,GME,-0.021415398224444777,0.05630680085279412,-0.07772219907723892,249,OOS
2025-07-31,GOOG,-0.0026871355287316195,0.12473229045960499,-0.12741942598833658,251,OOS
2025-07-31,GSPC,0.01678245409423198,0.23197038441437495,-0.21518793032014302,253,OOS
2025-07-31,MSFT,-0.013165473637299452,0.11780515787574208,-0.13097063151304156,256,OOS
2025-07-31,NVDA,0.02515969273417242,0.09359185632219816,-0.06843216358802576,260,OOS
2025-07-31,OPTT,-0.005708952000006968,0.02227502729565438,-0.027983979295661345,202,OOS
2025-07-31,QQQ,0.013376997762212824,0.19607814321328762,-0.18270114545107466,258,OOS
2025-07-31,RUT,0.010098844575448934,0.21721759140697616,-0.20711874683152706,246,OOS
2025-07-31,TSLA,-0.00040574436262261985,0.08078247393740311,-0.08118821830002576,260,OOS
2025-07-31,UNH,-0.005684185170651758,0.0759998394595196,-0.08168402463017137,255,OOS
